Neural Network Name, Layer Number, NumPEs, Runtime (Cycles), Activity count-based Energy (nJ), Throughput (MACs/Cycle), Throughput Per Energy (GMACs/s*J), Area, Power, NoC BW Req (Elements/cycle), Avg BW Req, Peak BW Req, Vector Width, Offchip BW Req (Elements/cycle),  L2 SRAM Size Req (Bytes), L1 SRAM Size Req (Bytes), Multicasting Factor (Weight), Multicasting Factor (Input), Num Total Input Pixels, Num Total Weight Pixels, Ops/J, Num MACs, PE power, L1 power, L2 power, NOC power, input l1 read, input l1 write, input l2 read, input l2 write, input reuse factor,filter l1 read, filter l1 write, filter l2 read, filter l2 write, filter reuse factor,output l1 read, output l1 write, output l2 read, output l2 write, output reuse factor,Ingress Delay (Min), Ingress Delay (Max), Ingress Delay (Avg), Egress Delay (Min), Egress Delay (Max),  Egress Delay (Avg),Compute Delay (Min), Compute Delay (Min), Compute Delay (Avg),Avg number of utilized PEs, Arithmetic Intensity
DoVit_Maestro_Exit3,PatchEmbed_Projection,256,12945412,172340,11.907,69090.2,4.19089e+08,4751.11,14,3.02226,14,1,14,7688,1536,1,1,150528,786432,8.94401e+11,154140672,312.909,1356.6,26.5236,3055.08,154140672, 38339328, 38339328, 150528, 4.02043, 154140672, 786432, 786432, 786432, 196, 154140672, 154140672, 44729344, 200704, 1, 1, 4, 1, 1, 1, 1, 258, 258, 258, 12, 4
DoVit_Maestro_Exit3,BB_L0_Attn_Q_Proj,256,4816896,496792,42.6667,85884.4,4.19047e+08,3375.53,160,32.6429,160,1,160,648,6,1,1,200704,1048576,4.13696e+11,205520896,312.909,5.2992,2.2356,3055.08,205520896, 51363904, 51363904, 200704, 4.00127, 205520896, 1048576, 1048576, 1048576, 196, 205520896, 205520896, 200704, 3211264, 1, 1, 1, 1, 1, 1, 1, 2, 2, 2, 256, 4
DoVit_Maestro_Exit3,BB_L0_Attn_K_Proj,256,4816896,581339,42.6667,73393.8,4.19047e+08,3375.53,160,32.6429,160,1,160,648,6,1,1,200704,1048576,3.5353e+11,205520896,312.909,5.2992,2.2356,3055.08,205520896, 51363904, 51363904, 200704, 4.00127, 205520896, 1048576, 1048576, 1048576, 196, 205520896, 205520896, 200704, 3211264, 1, 1, 1, 1, 1, 1, 1, 2, 2, 2, 256, 4
DoVit_Maestro_Exit3,BB_L0_Attn_V_Proj,256,4816896,581339,42.6667,73393.8,4.19047e+08,3375.53,160,32.6429,160,1,160,648,6,1,1,200704,1048576,3.5353e+11,205520896,312.909,5.2992,2.2356,3055.08,205520896, 51363904, 51363904, 200704, 4.00127, 205520896, 1048576, 1048576, 1048576, 196, 205520896, 205520896, 200704, 3211264, 1, 1, 1, 1, 1, 1, 1, 2, 2, 2, 256, 4
DoVit_Maestro_Exit3,BB_L0_Attn_Out_Proj,256,4816896,581339,42.6667,73393.8,4.19047e+08,3375.53,160,32.6429,160,1,160,648,6,1,1,200704,1048576,3.5353e+11,205520896,312.909,5.2992,2.2356,3055.08,205520896, 51363904, 51363904, 200704, 4.00127, 205520896, 1048576, 1048576, 1048576, 196, 205520896, 205520896, 200704, 3211264, 1, 1, 1, 1, 1, 1, 1, 2, 2, 2, 256, 4
DoVit_Maestro_Exit3,BB_L0_FFN1,256,19267584,1.30906e+06,42.6667,32593.3,4.19047e+08,3375.53,160,32.6429,160,1,160,648,6,1,1,200704,4194304,6.27995e+11,822083584,312.909,5.2992,2.2356,3055.08,822083584, 205455424, 205455424, 200704, 4.00127, 822083584, 4194304, 4194304, 4194304, 196, 822083584, 822083584, 802816, 12845056, 1, 1, 1, 1, 1, 1, 1, 2, 2, 2, 256, 4
DoVit_Maestro_Exit3,BB_L0_FFN2,256,19267584,2.32557e+06,42.6667,18346.8,4.19047e+08,3375.53,160,32.6505,160,1,160,648,6,1,1,802816,4194304,3.53498e+11,822083584,312.909,5.2992,2.2356,3055.08,822083584, 205504576, 205504576, 802816, 4.00032, 822083584, 4194304, 4194304, 4194304, 196, 822083584, 822083584, 200704, 12845056, 1, 1, 1, 1, 1, 1, 1, 2, 2, 2, 256, 4
DoVit_Maestro_Exit3,BB_L1_Attn_Q_Proj,256,4816896,1.59507e+06,42.6667,26749,4.19047e+08,3375.53,160,32.6429,160,1,160,648,6,1,1,200704,1048576,1.28847e+11,205520896,312.909,5.2992,2.2356,3055.08,205520896, 51363904, 51363904, 200704, 4.00127, 205520896, 1048576, 1048576, 1048576, 196, 205520896, 205520896, 200704, 3211264, 1, 1, 1, 1, 1, 1, 1, 2, 2, 2, 256, 4
DoVit_Maestro_Exit3,BB_L1_Attn_K_Proj,256,4816896,581339,42.6667,73393.8,4.19047e+08,3375.53,160,32.6429,160,1,160,648,6,1,1,200704,1048576,3.5353e+11,205520896,312.909,5.2992,2.2356,3055.08,205520896, 51363904, 51363904, 200704, 4.00127, 205520896, 1048576, 1048576, 1048576, 196, 205520896, 205520896, 200704, 3211264, 1, 1, 1, 1, 1, 1, 1, 2, 2, 2, 256, 4
DoVit_Maestro_Exit3,BB_L1_Attn_V_Proj,256,4816896,581339,42.6667,73393.8,4.19047e+08,3375.53,160,32.6429,160,1,160,648,6,1,1,200704,1048576,3.5353e+11,205520896,312.909,5.2992,2.2356,3055.08,205520896, 51363904, 51363904, 200704, 4.00127, 205520896, 1048576, 1048576, 1048576, 196, 205520896, 205520896, 200704, 3211264, 1, 1, 1, 1, 1, 1, 1, 2, 2, 2, 256, 4
DoVit_Maestro_Exit3,BB_L1_Attn_Out_Proj,256,4816896,581339,42.6667,73393.8,4.19047e+08,3375.53,160,32.6429,160,1,160,648,6,1,1,200704,1048576,3.5353e+11,205520896,312.909,5.2992,2.2356,3055.08,205520896, 51363904, 51363904, 200704, 4.00127, 205520896, 1048576, 1048576, 1048576, 196, 205520896, 205520896, 200704, 3211264, 1, 1, 1, 1, 1, 1, 1, 2, 2, 2, 256, 4
DoVit_Maestro_Exit3,BB_L1_FFN1,256,19267584,1.30906e+06,42.6667,32593.3,4.19047e+08,3375.53,160,32.6429,160,1,160,648,6,1,1,200704,4194304,6.27995e+11,822083584,312.909,5.2992,2.2356,3055.08,822083584, 205455424, 205455424, 200704, 4.00127, 822083584, 4194304, 4194304, 4194304, 196, 822083584, 822083584, 802816, 12845056, 1, 1, 1, 1, 1, 1, 1, 2, 2, 2, 256, 4
DoVit_Maestro_Exit3,BB_L1_FFN2,256,19267584,2.32557e+06,42.6667,18346.8,4.19047e+08,3375.53,160,32.6505,160,1,160,648,6,1,1,802816,4194304,3.53498e+11,822083584,312.909,5.2992,2.2356,3055.08,822083584, 205504576, 205504576, 802816, 4.00032, 822083584, 4194304, 4194304, 4194304, 196, 822083584, 822083584, 200704, 12845056, 1, 1, 1, 1, 1, 1, 1, 2, 2, 2, 256, 4
DoVit_Maestro_Exit3,BB_L2_Attn_Q_Proj,256,4816896,1.59507e+06,42.6667,26749,4.19047e+08,3375.53,160,32.6429,160,1,160,648,6,1,1,200704,1048576,1.28847e+11,205520896,312.909,5.2992,2.2356,3055.08,205520896, 51363904, 51363904, 200704, 4.00127, 205520896, 1048576, 1048576, 1048576, 196, 205520896, 205520896, 200704, 3211264, 1, 1, 1, 1, 1, 1, 1, 2, 2, 2, 256, 4
DoVit_Maestro_Exit3,BB_L2_Attn_K_Proj,256,4816896,581339,42.6667,73393.8,4.19047e+08,3375.53,160,32.6429,160,1,160,648,6,1,1,200704,1048576,3.5353e+11,205520896,312.909,5.2992,2.2356,3055.08,205520896, 51363904, 51363904, 200704, 4.00127, 205520896, 1048576, 1048576, 1048576, 196, 205520896, 205520896, 200704, 3211264, 1, 1, 1, 1, 1, 1, 1, 2, 2, 2, 256, 4
DoVit_Maestro_Exit3,BB_L2_Attn_V_Proj,256,4816896,581339,42.6667,73393.8,4.19047e+08,3375.53,160,32.6429,160,1,160,648,6,1,1,200704,1048576,3.5353e+11,205520896,312.909,5.2992,2.2356,3055.08,205520896, 51363904, 51363904, 200704, 4.00127, 205520896, 1048576, 1048576, 1048576, 196, 205520896, 205520896, 200704, 3211264, 1, 1, 1, 1, 1, 1, 1, 2, 2, 2, 256, 4
DoVit_Maestro_Exit3,BB_L2_Attn_Out_Proj,256,4816896,581339,42.6667,73393.8,4.19047e+08,3375.53,160,32.6429,160,1,160,648,6,1,1,200704,1048576,3.5353e+11,205520896,312.909,5.2992,2.2356,3055.08,205520896, 51363904, 51363904, 200704, 4.00127, 205520896, 1048576, 1048576, 1048576, 196, 205520896, 205520896, 200704, 3211264, 1, 1, 1, 1, 1, 1, 1, 2, 2, 2, 256, 4
DoVit_Maestro_Exit3,BB_L2_FFN1,256,19267584,1.30906e+06,42.6667,32593.3,4.19047e+08,3375.53,160,32.6429,160,1,160,648,6,1,1,200704,4194304,6.27995e+11,822083584,312.909,5.2992,2.2356,3055.08,822083584, 205455424, 205455424, 200704, 4.00127, 822083584, 4194304, 4194304, 4194304, 196, 822083584, 822083584, 802816, 12845056, 1, 1, 1, 1, 1, 1, 1, 2, 2, 2, 256, 4
DoVit_Maestro_Exit3,BB_L2_FFN2,256,19267584,2.32557e+06,42.6667,18346.8,4.19047e+08,3375.53,160,32.6505,160,1,160,648,6,1,1,802816,4194304,3.53498e+11,822083584,312.909,5.2992,2.2356,3055.08,822083584, 205504576, 205504576, 802816, 4.00032, 822083584, 4194304, 4194304, 4194304, 196, 822083584, 822083584, 200704, 12845056, 1, 1, 1, 1, 1, 1, 1, 2, 2, 2, 256, 4
DoVit_Maestro_Exit3,BB_L3_Attn_Q_Proj,256,4816896,1.59507e+06,42.6667,26749,4.19047e+08,3375.53,160,32.6429,160,1,160,648,6,1,1,200704,1048576,1.28847e+11,205520896,312.909,5.2992,2.2356,3055.08,205520896, 51363904, 51363904, 200704, 4.00127, 205520896, 1048576, 1048576, 1048576, 196, 205520896, 205520896, 200704, 3211264, 1, 1, 1, 1, 1, 1, 1, 2, 2, 2, 256, 4
DoVit_Maestro_Exit3,BB_L3_Attn_K_Proj,256,4816896,581339,42.6667,73393.8,4.19047e+08,3375.53,160,32.6429,160,1,160,648,6,1,1,200704,1048576,3.5353e+11,205520896,312.909,5.2992,2.2356,3055.08,205520896, 51363904, 51363904, 200704, 4.00127, 205520896, 1048576, 1048576, 1048576, 196, 205520896, 205520896, 200704, 3211264, 1, 1, 1, 1, 1, 1, 1, 2, 2, 2, 256, 4
DoVit_Maestro_Exit3,BB_L3_Attn_V_Proj,256,4816896,581339,42.6667,73393.8,4.19047e+08,3375.53,160,32.6429,160,1,160,648,6,1,1,200704,1048576,3.5353e+11,205520896,312.909,5.2992,2.2356,3055.08,205520896, 51363904, 51363904, 200704, 4.00127, 205520896, 1048576, 1048576, 1048576, 196, 205520896, 205520896, 200704, 3211264, 1, 1, 1, 1, 1, 1, 1, 2, 2, 2, 256, 4
DoVit_Maestro_Exit3,BB_L3_Attn_Out_Proj,256,4816896,581339,42.6667,73393.8,4.19047e+08,3375.53,160,32.6429,160,1,160,648,6,1,1,200704,1048576,3.5353e+11,205520896,312.909,5.2992,2.2356,3055.08,205520896, 51363904, 51363904, 200704, 4.00127, 205520896, 1048576, 1048576, 1048576, 196, 205520896, 205520896, 200704, 3211264, 1, 1, 1, 1, 1, 1, 1, 2, 2, 2, 256, 4
DoVit_Maestro_Exit3,BB_L3_FFN1,256,19267584,1.30906e+06,42.6667,32593.3,4.19047e+08,3375.53,160,32.6429,160,1,160,648,6,1,1,200704,4194304,6.27995e+11,822083584,312.909,5.2992,2.2356,3055.08,822083584, 205455424, 205455424, 200704, 4.00127, 822083584, 4194304, 4194304, 4194304, 196, 822083584, 822083584, 802816, 12845056, 1, 1, 1, 1, 1, 1, 1, 2, 2, 2, 256, 4
DoVit_Maestro_Exit3,BB_L3_FFN2,256,19267584,2.32557e+06,42.6667,18346.8,4.19047e+08,3375.53,160,32.6505,160,1,160,648,6,1,1,802816,4194304,3.53498e+11,822083584,312.909,5.2992,2.2356,3055.08,822083584, 205504576, 205504576, 802816, 4.00032, 822083584, 4194304, 4194304, 4194304, 196, 822083584, 822083584, 200704, 12845056, 1, 1, 1, 1, 1, 1, 1, 2, 2, 2, 256, 4
DoVit_Maestro_Exit3,BB_L4_Attn_Q_Proj,256,4816896,1.59507e+06,42.6667,26749,4.19047e+08,3375.53,160,32.6429,160,1,160,648,6,1,1,200704,1048576,1.28847e+11,205520896,312.909,5.2992,2.2356,3055.08,205520896, 51363904, 51363904, 200704, 4.00127, 205520896, 1048576, 1048576, 1048576, 196, 205520896, 205520896, 200704, 3211264, 1, 1, 1, 1, 1, 1, 1, 2, 2, 2, 256, 4
DoVit_Maestro_Exit3,BB_L4_Attn_K_Proj,256,4816896,581339,42.6667,73393.8,4.19047e+08,3375.53,160,32.6429,160,1,160,648,6,1,1,200704,1048576,3.5353e+11,205520896,312.909,5.2992,2.2356,3055.08,205520896, 51363904, 51363904, 200704, 4.00127, 205520896, 1048576, 1048576, 1048576, 196, 205520896, 205520896, 200704, 3211264, 1, 1, 1, 1, 1, 1, 1, 2, 2, 2, 256, 4
DoVit_Maestro_Exit3,BB_L4_Attn_V_Proj,256,4816896,581339,42.6667,73393.8,4.19047e+08,3375.53,160,32.6429,160,1,160,648,6,1,1,200704,1048576,3.5353e+11,205520896,312.909,5.2992,2.2356,3055.08,205520896, 51363904, 51363904, 200704, 4.00127, 205520896, 1048576, 1048576, 1048576, 196, 205520896, 205520896, 200704, 3211264, 1, 1, 1, 1, 1, 1, 1, 2, 2, 2, 256, 4
DoVit_Maestro_Exit3,BB_L4_Attn_Out_Proj,256,4816896,581339,42.6667,73393.8,4.19047e+08,3375.53,160,32.6429,160,1,160,648,6,1,1,200704,1048576,3.5353e+11,205520896,312.909,5.2992,2.2356,3055.08,205520896, 51363904, 51363904, 200704, 4.00127, 205520896, 1048576, 1048576, 1048576, 196, 205520896, 205520896, 200704, 3211264, 1, 1, 1, 1, 1, 1, 1, 2, 2, 2, 256, 4
DoVit_Maestro_Exit3,BB_L4_FFN1,256,19267584,1.30906e+06,42.6667,32593.3,4.19047e+08,3375.53,160,32.6429,160,1,160,648,6,1,1,200704,4194304,6.27995e+11,822083584,312.909,5.2992,2.2356,3055.08,822083584, 205455424, 205455424, 200704, 4.00127, 822083584, 4194304, 4194304, 4194304, 196, 822083584, 822083584, 802816, 12845056, 1, 1, 1, 1, 1, 1, 1, 2, 2, 2, 256, 4
DoVit_Maestro_Exit3,BB_L4_FFN2,256,19267584,2.32557e+06,42.6667,18346.8,4.19047e+08,3375.53,160,32.6505,160,1,160,648,6,1,1,802816,4194304,3.53498e+11,822083584,312.909,5.2992,2.2356,3055.08,822083584, 205504576, 205504576, 802816, 4.00032, 822083584, 4194304, 4194304, 4194304, 196, 822083584, 822083584, 200704, 12845056, 1, 1, 1, 1, 1, 1, 1, 2, 2, 2, 256, 4
DoVit_Maestro_Exit3,BB_L5_Attn_Q_Proj,256,4816896,1.59507e+06,42.6667,26749,4.19047e+08,3375.53,160,32.6429,160,1,160,648,6,1,1,200704,1048576,1.28847e+11,205520896,312.909,5.2992,2.2356,3055.08,205520896, 51363904, 51363904, 200704, 4.00127, 205520896, 1048576, 1048576, 1048576, 196, 205520896, 205520896, 200704, 3211264, 1, 1, 1, 1, 1, 1, 1, 2, 2, 2, 256, 4
DoVit_Maestro_Exit3,BB_L5_Attn_K_Proj,256,4816896,581339,42.6667,73393.8,4.19047e+08,3375.53,160,32.6429,160,1,160,648,6,1,1,200704,1048576,3.5353e+11,205520896,312.909,5.2992,2.2356,3055.08,205520896, 51363904, 51363904, 200704, 4.00127, 205520896, 1048576, 1048576, 1048576, 196, 205520896, 205520896, 200704, 3211264, 1, 1, 1, 1, 1, 1, 1, 2, 2, 2, 256, 4
DoVit_Maestro_Exit3,BB_L5_Attn_V_Proj,256,4816896,581339,42.6667,73393.8,4.19047e+08,3375.53,160,32.6429,160,1,160,648,6,1,1,200704,1048576,3.5353e+11,205520896,312.909,5.2992,2.2356,3055.08,205520896, 51363904, 51363904, 200704, 4.00127, 205520896, 1048576, 1048576, 1048576, 196, 205520896, 205520896, 200704, 3211264, 1, 1, 1, 1, 1, 1, 1, 2, 2, 2, 256, 4
DoVit_Maestro_Exit3,BB_L5_Attn_Out_Proj,256,4816896,581339,42.6667,73393.8,4.19047e+08,3375.53,160,32.6429,160,1,160,648,6,1,1,200704,1048576,3.5353e+11,205520896,312.909,5.2992,2.2356,3055.08,205520896, 51363904, 51363904, 200704, 4.00127, 205520896, 1048576, 1048576, 1048576, 196, 205520896, 205520896, 200704, 3211264, 1, 1, 1, 1, 1, 1, 1, 2, 2, 2, 256, 4
DoVit_Maestro_Exit3,BB_L5_FFN1,256,19267584,1.30906e+06,42.6667,32593.3,4.19047e+08,3375.53,160,32.6429,160,1,160,648,6,1,1,200704,4194304,6.27995e+11,822083584,312.909,5.2992,2.2356,3055.08,822083584, 205455424, 205455424, 200704, 4.00127, 822083584, 4194304, 4194304, 4194304, 196, 822083584, 822083584, 802816, 12845056, 1, 1, 1, 1, 1, 1, 1, 2, 2, 2, 256, 4
DoVit_Maestro_Exit3,BB_L5_FFN2,256,19267584,2.32557e+06,42.6667,18346.8,4.19047e+08,3375.53,160,32.6505,160,1,160,648,6,1,1,802816,4194304,3.53498e+11,822083584,312.909,5.2992,2.2356,3055.08,822083584, 205504576, 205504576, 802816, 4.00032, 822083584, 4194304, 4194304, 4194304, 196, 822083584, 822083584, 200704, 12845056, 1, 1, 1, 1, 1, 1, 1, 2, 2, 2, 256, 4
DoVit_Maestro_Exit3,AuxHead1_ConvSeg,256,150528,1.36004e+06,40,29411,4.19047e+08,3375.53,160,32.6033,160,1,160,648,6,1,1,200704,30720,4.42718e+09,6021120,312.909,5.2992,2.2356,3055.08,6021120, 1605184, 1605184, 200704, 3.75105, 6021120, 30720, 30720, 30720, 196, 6021120, 6021120, 5880, 94080, 1, 1, 1, 1, 1, 1, 1, 2, 2, 2, 240, 4
DoVit_Maestro_Exit3,BB_L6_Attn_Q_Proj,256,4816896,253372,42.6667,168395,4.19047e+08,3375.53,160,32.6429,160,1,160,648,6,1,1,200704,1048576,8.11143e+11,205520896,312.909,5.2992,2.2356,3055.08,205520896, 51363904, 51363904, 200704, 4.00127, 205520896, 1048576, 1048576, 1048576, 196, 205520896, 205520896, 200704, 3211264, 1, 1, 1, 1, 1, 1, 1, 2, 2, 2, 256, 4
DoVit_Maestro_Exit3,BB_L6_Attn_K_Proj,256,4816896,581339,42.6667,73393.8,4.19047e+08,3375.53,160,32.6429,160,1,160,648,6,1,1,200704,1048576,3.5353e+11,205520896,312.909,5.2992,2.2356,3055.08,205520896, 51363904, 51363904, 200704, 4.00127, 205520896, 1048576, 1048576, 1048576, 196, 205520896, 205520896, 200704, 3211264, 1, 1, 1, 1, 1, 1, 1, 2, 2, 2, 256, 4
DoVit_Maestro_Exit3,BB_L6_Attn_V_Proj,256,4816896,581339,42.6667,73393.8,4.19047e+08,3375.53,160,32.6429,160,1,160,648,6,1,1,200704,1048576,3.5353e+11,205520896,312.909,5.2992,2.2356,3055.08,205520896, 51363904, 51363904, 200704, 4.00127, 205520896, 1048576, 1048576, 1048576, 196, 205520896, 205520896, 200704, 3211264, 1, 1, 1, 1, 1, 1, 1, 2, 2, 2, 256, 4
DoVit_Maestro_Exit3,BB_L6_Attn_Out_Proj,256,4816896,581339,42.6667,73393.8,4.19047e+08,3375.53,160,32.6429,160,1,160,648,6,1,1,200704,1048576,3.5353e+11,205520896,312.909,5.2992,2.2356,3055.08,205520896, 51363904, 51363904, 200704, 4.00127, 205520896, 1048576, 1048576, 1048576, 196, 205520896, 205520896, 200704, 3211264, 1, 1, 1, 1, 1, 1, 1, 2, 2, 2, 256, 4
DoVit_Maestro_Exit3,BB_L6_FFN1,256,19267584,1.30906e+06,42.6667,32593.3,4.19047e+08,3375.53,160,32.6429,160,1,160,648,6,1,1,200704,4194304,6.27995e+11,822083584,312.909,5.2992,2.2356,3055.08,822083584, 205455424, 205455424, 200704, 4.00127, 822083584, 4194304, 4194304, 4194304, 196, 822083584, 822083584, 802816, 12845056, 1, 1, 1, 1, 1, 1, 1, 2, 2, 2, 256, 4
DoVit_Maestro_Exit3,BB_L6_FFN2,256,19267584,2.32557e+06,42.6667,18346.8,4.19047e+08,3375.53,160,32.6505,160,1,160,648,6,1,1,802816,4194304,3.53498e+11,822083584,312.909,5.2992,2.2356,3055.08,822083584, 205504576, 205504576, 802816, 4.00032, 822083584, 4194304, 4194304, 4194304, 196, 822083584, 822083584, 200704, 12845056, 1, 1, 1, 1, 1, 1, 1, 2, 2, 2, 256, 4
DoVit_Maestro_Exit3,BB_L7_Attn_Q_Proj,256,4816896,1.59507e+06,42.6667,26749,4.19047e+08,3375.53,160,32.6429,160,1,160,648,6,1,1,200704,1048576,1.28847e+11,205520896,312.909,5.2992,2.2356,3055.08,205520896, 51363904, 51363904, 200704, 4.00127, 205520896, 1048576, 1048576, 1048576, 196, 205520896, 205520896, 200704, 3211264, 1, 1, 1, 1, 1, 1, 1, 2, 2, 2, 256, 4
DoVit_Maestro_Exit3,BB_L7_Attn_K_Proj,256,4816896,581339,42.6667,73393.8,4.19047e+08,3375.53,160,32.6429,160,1,160,648,6,1,1,200704,1048576,3.5353e+11,205520896,312.909,5.2992,2.2356,3055.08,205520896, 51363904, 51363904, 200704, 4.00127, 205520896, 1048576, 1048576, 1048576, 196, 205520896, 205520896, 200704, 3211264, 1, 1, 1, 1, 1, 1, 1, 2, 2, 2, 256, 4
DoVit_Maestro_Exit3,BB_L7_Attn_V_Proj,256,4816896,581339,42.6667,73393.8,4.19047e+08,3375.53,160,32.6429,160,1,160,648,6,1,1,200704,1048576,3.5353e+11,205520896,312.909,5.2992,2.2356,3055.08,205520896, 51363904, 51363904, 200704, 4.00127, 205520896, 1048576, 1048576, 1048576, 196, 205520896, 205520896, 200704, 3211264, 1, 1, 1, 1, 1, 1, 1, 2, 2, 2, 256, 4
DoVit_Maestro_Exit3,BB_L7_Attn_Out_Proj,256,4816896,581339,42.6667,73393.8,4.19047e+08,3375.53,160,32.6429,160,1,160,648,6,1,1,200704,1048576,3.5353e+11,205520896,312.909,5.2992,2.2356,3055.08,205520896, 51363904, 51363904, 200704, 4.00127, 205520896, 1048576, 1048576, 1048576, 196, 205520896, 205520896, 200704, 3211264, 1, 1, 1, 1, 1, 1, 1, 2, 2, 2, 256, 4
DoVit_Maestro_Exit3,BB_L7_FFN1,256,19267584,1.30906e+06,42.6667,32593.3,4.19047e+08,3375.53,160,32.6429,160,1,160,648,6,1,1,200704,4194304,6.27995e+11,822083584,312.909,5.2992,2.2356,3055.08,822083584, 205455424, 205455424, 200704, 4.00127, 822083584, 4194304, 4194304, 4194304, 196, 822083584, 822083584, 802816, 12845056, 1, 1, 1, 1, 1, 1, 1, 2, 2, 2, 256, 4
DoVit_Maestro_Exit3,BB_L7_FFN2,256,19267584,2.32557e+06,42.6667,18346.8,4.19047e+08,3375.53,160,32.6505,160,1,160,648,6,1,1,802816,4194304,3.53498e+11,822083584,312.909,5.2992,2.2356,3055.08,822083584, 205504576, 205504576, 802816, 4.00032, 822083584, 4194304, 4194304, 4194304, 196, 822083584, 822083584, 200704, 12845056, 1, 1, 1, 1, 1, 1, 1, 2, 2, 2, 256, 4
DoVit_Maestro_Exit3,BB_L8_Attn_Q_Proj,256,4816896,1.59507e+06,42.6667,26749,4.19047e+08,3375.53,160,32.6429,160,1,160,648,6,1,1,200704,1048576,1.28847e+11,205520896,312.909,5.2992,2.2356,3055.08,205520896, 51363904, 51363904, 200704, 4.00127, 205520896, 1048576, 1048576, 1048576, 196, 205520896, 205520896, 200704, 3211264, 1, 1, 1, 1, 1, 1, 1, 2, 2, 2, 256, 4
DoVit_Maestro_Exit3,BB_L8_Attn_K_Proj,256,4816896,581339,42.6667,73393.8,4.19047e+08,3375.53,160,32.6429,160,1,160,648,6,1,1,200704,1048576,3.5353e+11,205520896,312.909,5.2992,2.2356,3055.08,205520896, 51363904, 51363904, 200704, 4.00127, 205520896, 1048576, 1048576, 1048576, 196, 205520896, 205520896, 200704, 3211264, 1, 1, 1, 1, 1, 1, 1, 2, 2, 2, 256, 4
DoVit_Maestro_Exit3,BB_L8_Attn_V_Proj,256,4816896,581339,42.6667,73393.8,4.19047e+08,3375.53,160,32.6429,160,1,160,648,6,1,1,200704,1048576,3.5353e+11,205520896,312.909,5.2992,2.2356,3055.08,205520896, 51363904, 51363904, 200704, 4.00127, 205520896, 1048576, 1048576, 1048576, 196, 205520896, 205520896, 200704, 3211264, 1, 1, 1, 1, 1, 1, 1, 2, 2, 2, 256, 4
DoVit_Maestro_Exit3,BB_L8_Attn_Out_Proj,256,4816896,581339,42.6667,73393.8,4.19047e+08,3375.53,160,32.6429,160,1,160,648,6,1,1,200704,1048576,3.5353e+11,205520896,312.909,5.2992,2.2356,3055.08,205520896, 51363904, 51363904, 200704, 4.00127, 205520896, 1048576, 1048576, 1048576, 196, 205520896, 205520896, 200704, 3211264, 1, 1, 1, 1, 1, 1, 1, 2, 2, 2, 256, 4
DoVit_Maestro_Exit3,BB_L8_FFN1,256,19267584,1.30906e+06,42.6667,32593.3,4.19047e+08,3375.53,160,32.6429,160,1,160,648,6,1,1,200704,4194304,6.27995e+11,822083584,312.909,5.2992,2.2356,3055.08,822083584, 205455424, 205455424, 200704, 4.00127, 822083584, 4194304, 4194304, 4194304, 196, 822083584, 822083584, 802816, 12845056, 1, 1, 1, 1, 1, 1, 1, 2, 2, 2, 256, 4
DoVit_Maestro_Exit3,BB_L8_FFN2,256,19267584,2.32557e+06,42.6667,18346.8,4.19047e+08,3375.53,160,32.6505,160,1,160,648,6,1,1,802816,4194304,3.53498e+11,822083584,312.909,5.2992,2.2356,3055.08,822083584, 205504576, 205504576, 802816, 4.00032, 822083584, 4194304, 4194304, 4194304, 196, 822083584, 822083584, 200704, 12845056, 1, 1, 1, 1, 1, 1, 1, 2, 2, 2, 256, 4
DoVit_Maestro_Exit3,BB_L9_Attn_Q_Proj,256,4816896,1.59507e+06,42.6667,26749,4.19047e+08,3375.53,160,32.6429,160,1,160,648,6,1,1,200704,1048576,1.28847e+11,205520896,312.909,5.2992,2.2356,3055.08,205520896, 51363904, 51363904, 200704, 4.00127, 205520896, 1048576, 1048576, 1048576, 196, 205520896, 205520896, 200704, 3211264, 1, 1, 1, 1, 1, 1, 1, 2, 2, 2, 256, 4
DoVit_Maestro_Exit3,BB_L9_Attn_K_Proj,256,4816896,581339,42.6667,73393.8,4.19047e+08,3375.53,160,32.6429,160,1,160,648,6,1,1,200704,1048576,3.5353e+11,205520896,312.909,5.2992,2.2356,3055.08,205520896, 51363904, 51363904, 200704, 4.00127, 205520896, 1048576, 1048576, 1048576, 196, 205520896, 205520896, 200704, 3211264, 1, 1, 1, 1, 1, 1, 1, 2, 2, 2, 256, 4
DoVit_Maestro_Exit3,BB_L9_Attn_V_Proj,256,4816896,581339,42.6667,73393.8,4.19047e+08,3375.53,160,32.6429,160,1,160,648,6,1,1,200704,1048576,3.5353e+11,205520896,312.909,5.2992,2.2356,3055.08,205520896, 51363904, 51363904, 200704, 4.00127, 205520896, 1048576, 1048576, 1048576, 196, 205520896, 205520896, 200704, 3211264, 1, 1, 1, 1, 1, 1, 1, 2, 2, 2, 256, 4
DoVit_Maestro_Exit3,BB_L9_Attn_Out_Proj,256,4816896,581339,42.6667,73393.8,4.19047e+08,3375.53,160,32.6429,160,1,160,648,6,1,1,200704,1048576,3.5353e+11,205520896,312.909,5.2992,2.2356,3055.08,205520896, 51363904, 51363904, 200704, 4.00127, 205520896, 1048576, 1048576, 1048576, 196, 205520896, 205520896, 200704, 3211264, 1, 1, 1, 1, 1, 1, 1, 2, 2, 2, 256, 4
DoVit_Maestro_Exit3,BB_L9_FFN1,256,19267584,1.30906e+06,42.6667,32593.3,4.19047e+08,3375.53,160,32.6429,160,1,160,648,6,1,1,200704,4194304,6.27995e+11,822083584,312.909,5.2992,2.2356,3055.08,822083584, 205455424, 205455424, 200704, 4.00127, 822083584, 4194304, 4194304, 4194304, 196, 822083584, 822083584, 802816, 12845056, 1, 1, 1, 1, 1, 1, 1, 2, 2, 2, 256, 4
DoVit_Maestro_Exit3,BB_L9_FFN2,256,19267584,2.32557e+06,42.6667,18346.8,4.19047e+08,3375.53,160,32.6505,160,1,160,648,6,1,1,802816,4194304,3.53498e+11,822083584,312.909,5.2992,2.2356,3055.08,822083584, 205504576, 205504576, 802816, 4.00032, 822083584, 4194304, 4194304, 4194304, 196, 822083584, 822083584, 200704, 12845056, 1, 1, 1, 1, 1, 1, 1, 2, 2, 2, 256, 4
DoVit_Maestro_Exit3,BB_L10_Attn_Q_Proj,256,4816896,1.59507e+06,42.6667,26749,4.19047e+08,3375.53,160,32.6429,160,1,160,648,6,1,1,200704,1048576,1.28847e+11,205520896,312.909,5.2992,2.2356,3055.08,205520896, 51363904, 51363904, 200704, 4.00127, 205520896, 1048576, 1048576, 1048576, 196, 205520896, 205520896, 200704, 3211264, 1, 1, 1, 1, 1, 1, 1, 2, 2, 2, 256, 4
DoVit_Maestro_Exit3,BB_L10_Attn_K_Proj,256,4816896,581339,42.6667,73393.8,4.19047e+08,3375.53,160,32.6429,160,1,160,648,6,1,1,200704,1048576,3.5353e+11,205520896,312.909,5.2992,2.2356,3055.08,205520896, 51363904, 51363904, 200704, 4.00127, 205520896, 1048576, 1048576, 1048576, 196, 205520896, 205520896, 200704, 3211264, 1, 1, 1, 1, 1, 1, 1, 2, 2, 2, 256, 4
DoVit_Maestro_Exit3,BB_L10_Attn_V_Proj,256,4816896,581339,42.6667,73393.8,4.19047e+08,3375.53,160,32.6429,160,1,160,648,6,1,1,200704,1048576,3.5353e+11,205520896,312.909,5.2992,2.2356,3055.08,205520896, 51363904, 51363904, 200704, 4.00127, 205520896, 1048576, 1048576, 1048576, 196, 205520896, 205520896, 200704, 3211264, 1, 1, 1, 1, 1, 1, 1, 2, 2, 2, 256, 4
DoVit_Maestro_Exit3,BB_L10_Attn_Out_Proj,256,4816896,581339,42.6667,73393.8,4.19047e+08,3375.53,160,32.6429,160,1,160,648,6,1,1,200704,1048576,3.5353e+11,205520896,312.909,5.2992,2.2356,3055.08,205520896, 51363904, 51363904, 200704, 4.00127, 205520896, 1048576, 1048576, 1048576, 196, 205520896, 205520896, 200704, 3211264, 1, 1, 1, 1, 1, 1, 1, 2, 2, 2, 256, 4
DoVit_Maestro_Exit3,BB_L10_FFN1,256,19267584,1.30906e+06,42.6667,32593.3,4.19047e+08,3375.53,160,32.6429,160,1,160,648,6,1,1,200704,4194304,6.27995e+11,822083584,312.909,5.2992,2.2356,3055.08,822083584, 205455424, 205455424, 200704, 4.00127, 822083584, 4194304, 4194304, 4194304, 196, 822083584, 822083584, 802816, 12845056, 1, 1, 1, 1, 1, 1, 1, 2, 2, 2, 256, 4
DoVit_Maestro_Exit3,BB_L10_FFN2,256,19267584,2.32557e+06,42.6667,18346.8,4.19047e+08,3375.53,160,32.6505,160,1,160,648,6,1,1,802816,4194304,3.53498e+11,822083584,312.909,5.2992,2.2356,3055.08,822083584, 205504576, 205504576, 802816, 4.00032, 822083584, 4194304, 4194304, 4194304, 196, 822083584, 822083584, 200704, 12845056, 1, 1, 1, 1, 1, 1, 1, 2, 2, 2, 256, 4
DoVit_Maestro_Exit3,BB_L11_Attn_Q_Proj,256,4816896,1.59507e+06,42.6667,26749,4.19047e+08,3375.53,160,32.6429,160,1,160,648,6,1,1,200704,1048576,1.28847e+11,205520896,312.909,5.2992,2.2356,3055.08,205520896, 51363904, 51363904, 200704, 4.00127, 205520896, 1048576, 1048576, 1048576, 196, 205520896, 205520896, 200704, 3211264, 1, 1, 1, 1, 1, 1, 1, 2, 2, 2, 256, 4
DoVit_Maestro_Exit3,BB_L11_Attn_K_Proj,256,4816896,581339,42.6667,73393.8,4.19047e+08,3375.53,160,32.6429,160,1,160,648,6,1,1,200704,1048576,3.5353e+11,205520896,312.909,5.2992,2.2356,3055.08,205520896, 51363904, 51363904, 200704, 4.00127, 205520896, 1048576, 1048576, 1048576, 196, 205520896, 205520896, 200704, 3211264, 1, 1, 1, 1, 1, 1, 1, 2, 2, 2, 256, 4
DoVit_Maestro_Exit3,BB_L11_Attn_V_Proj,256,4816896,581339,42.6667,73393.8,4.19047e+08,3375.53,160,32.6429,160,1,160,648,6,1,1,200704,1048576,3.5353e+11,205520896,312.909,5.2992,2.2356,3055.08,205520896, 51363904, 51363904, 200704, 4.00127, 205520896, 1048576, 1048576, 1048576, 196, 205520896, 205520896, 200704, 3211264, 1, 1, 1, 1, 1, 1, 1, 2, 2, 2, 256, 4
DoVit_Maestro_Exit3,BB_L11_Attn_Out_Proj,256,4816896,581339,42.6667,73393.8,4.19047e+08,3375.53,160,32.6429,160,1,160,648,6,1,1,200704,1048576,3.5353e+11,205520896,312.909,5.2992,2.2356,3055.08,205520896, 51363904, 51363904, 200704, 4.00127, 205520896, 1048576, 1048576, 1048576, 196, 205520896, 205520896, 200704, 3211264, 1, 1, 1, 1, 1, 1, 1, 2, 2, 2, 256, 4
DoVit_Maestro_Exit3,BB_L11_FFN1,256,19267584,1.30906e+06,42.6667,32593.3,4.19047e+08,3375.53,160,32.6429,160,1,160,648,6,1,1,200704,4194304,6.27995e+11,822083584,312.909,5.2992,2.2356,3055.08,822083584, 205455424, 205455424, 200704, 4.00127, 822083584, 4194304, 4194304, 4194304, 196, 822083584, 822083584, 802816, 12845056, 1, 1, 1, 1, 1, 1, 1, 2, 2, 2, 256, 4
DoVit_Maestro_Exit3,BB_L11_FFN2,256,19267584,2.32557e+06,42.6667,18346.8,4.19047e+08,3375.53,160,32.6505,160,1,160,648,6,1,1,802816,4194304,3.53498e+11,822083584,312.909,5.2992,2.2356,3055.08,822083584, 205504576, 205504576, 802816, 4.00032, 822083584, 4194304, 4194304, 4194304, 196, 822083584, 822083584, 200704, 12845056, 1, 1, 1, 1, 1, 1, 1, 2, 2, 2, 256, 4
DoVit_Maestro_Exit3,AuxHead2_ConvSeg,256,150528,1.36004e+06,40,29411,4.19047e+08,3375.53,160,32.6033,160,1,160,648,6,1,1,200704,30720,4.42718e+09,6021120,312.909,5.2992,2.2356,3055.08,6021120, 1605184, 1605184, 200704, 3.75105, 6021120, 30720, 30720, 30720, 196, 6021120, 6021120, 5880, 94080, 1, 1, 1, 1, 1, 1, 1, 2, 2, 2, 240, 4
DoVit_Maestro_Exit3,BB_L12_Attn_Q_Proj,256,4816896,253372,42.6667,168395,4.19047e+08,3375.53,160,32.6429,160,1,160,648,6,1,1,200704,1048576,8.11143e+11,205520896,312.909,5.2992,2.2356,3055.08,205520896, 51363904, 51363904, 200704, 4.00127, 205520896, 1048576, 1048576, 1048576, 196, 205520896, 205520896, 200704, 3211264, 1, 1, 1, 1, 1, 1, 1, 2, 2, 2, 256, 4
DoVit_Maestro_Exit3,BB_L12_Attn_K_Proj,256,4816896,581339,42.6667,73393.8,4.19047e+08,3375.53,160,32.6429,160,1,160,648,6,1,1,200704,1048576,3.5353e+11,205520896,312.909,5.2992,2.2356,3055.08,205520896, 51363904, 51363904, 200704, 4.00127, 205520896, 1048576, 1048576, 1048576, 196, 205520896, 205520896, 200704, 3211264, 1, 1, 1, 1, 1, 1, 1, 2, 2, 2, 256, 4
DoVit_Maestro_Exit3,BB_L12_Attn_V_Proj,256,4816896,581339,42.6667,73393.8,4.19047e+08,3375.53,160,32.6429,160,1,160,648,6,1,1,200704,1048576,3.5353e+11,205520896,312.909,5.2992,2.2356,3055.08,205520896, 51363904, 51363904, 200704, 4.00127, 205520896, 1048576, 1048576, 1048576, 196, 205520896, 205520896, 200704, 3211264, 1, 1, 1, 1, 1, 1, 1, 2, 2, 2, 256, 4
DoVit_Maestro_Exit3,BB_L12_Attn_Out_Proj,256,4816896,581339,42.6667,73393.8,4.19047e+08,3375.53,160,32.6429,160,1,160,648,6,1,1,200704,1048576,3.5353e+11,205520896,312.909,5.2992,2.2356,3055.08,205520896, 51363904, 51363904, 200704, 4.00127, 205520896, 1048576, 1048576, 1048576, 196, 205520896, 205520896, 200704, 3211264, 1, 1, 1, 1, 1, 1, 1, 2, 2, 2, 256, 4
DoVit_Maestro_Exit3,BB_L12_FFN1,256,19267584,1.30906e+06,42.6667,32593.3,4.19047e+08,3375.53,160,32.6429,160,1,160,648,6,1,1,200704,4194304,6.27995e+11,822083584,312.909,5.2992,2.2356,3055.08,822083584, 205455424, 205455424, 200704, 4.00127, 822083584, 4194304, 4194304, 4194304, 196, 822083584, 822083584, 802816, 12845056, 1, 1, 1, 1, 1, 1, 1, 2, 2, 2, 256, 4
DoVit_Maestro_Exit3,BB_L12_FFN2,256,19267584,2.32557e+06,42.6667,18346.8,4.19047e+08,3375.53,160,32.6505,160,1,160,648,6,1,1,802816,4194304,3.53498e+11,822083584,312.909,5.2992,2.2356,3055.08,822083584, 205504576, 205504576, 802816, 4.00032, 822083584, 4194304, 4194304, 4194304, 196, 822083584, 822083584, 200704, 12845056, 1, 1, 1, 1, 1, 1, 1, 2, 2, 2, 256, 4
DoVit_Maestro_Exit3,BB_L13_Attn_Q_Proj,256,4816896,1.59507e+06,42.6667,26749,4.19047e+08,3375.53,160,32.6429,160,1,160,648,6,1,1,200704,1048576,1.28847e+11,205520896,312.909,5.2992,2.2356,3055.08,205520896, 51363904, 51363904, 200704, 4.00127, 205520896, 1048576, 1048576, 1048576, 196, 205520896, 205520896, 200704, 3211264, 1, 1, 1, 1, 1, 1, 1, 2, 2, 2, 256, 4
DoVit_Maestro_Exit3,BB_L13_Attn_K_Proj,256,4816896,581339,42.6667,73393.8,4.19047e+08,3375.53,160,32.6429,160,1,160,648,6,1,1,200704,1048576,3.5353e+11,205520896,312.909,5.2992,2.2356,3055.08,205520896, 51363904, 51363904, 200704, 4.00127, 205520896, 1048576, 1048576, 1048576, 196, 205520896, 205520896, 200704, 3211264, 1, 1, 1, 1, 1, 1, 1, 2, 2, 2, 256, 4
DoVit_Maestro_Exit3,BB_L13_Attn_V_Proj,256,4816896,581339,42.6667,73393.8,4.19047e+08,3375.53,160,32.6429,160,1,160,648,6,1,1,200704,1048576,3.5353e+11,205520896,312.909,5.2992,2.2356,3055.08,205520896, 51363904, 51363904, 200704, 4.00127, 205520896, 1048576, 1048576, 1048576, 196, 205520896, 205520896, 200704, 3211264, 1, 1, 1, 1, 1, 1, 1, 2, 2, 2, 256, 4
DoVit_Maestro_Exit3,BB_L13_Attn_Out_Proj,256,4816896,581339,42.6667,73393.8,4.19047e+08,3375.53,160,32.6429,160,1,160,648,6,1,1,200704,1048576,3.5353e+11,205520896,312.909,5.2992,2.2356,3055.08,205520896, 51363904, 51363904, 200704, 4.00127, 205520896, 1048576, 1048576, 1048576, 196, 205520896, 205520896, 200704, 3211264, 1, 1, 1, 1, 1, 1, 1, 2, 2, 2, 256, 4
DoVit_Maestro_Exit3,BB_L13_FFN1,256,19267584,1.30906e+06,42.6667,32593.3,4.19047e+08,3375.53,160,32.6429,160,1,160,648,6,1,1,200704,4194304,6.27995e+11,822083584,312.909,5.2992,2.2356,3055.08,822083584, 205455424, 205455424, 200704, 4.00127, 822083584, 4194304, 4194304, 4194304, 196, 822083584, 822083584, 802816, 12845056, 1, 1, 1, 1, 1, 1, 1, 2, 2, 2, 256, 4
DoVit_Maestro_Exit3,BB_L13_FFN2,256,19267584,2.32557e+06,42.6667,18346.8,4.19047e+08,3375.53,160,32.6505,160,1,160,648,6,1,1,802816,4194304,3.53498e+11,822083584,312.909,5.2992,2.2356,3055.08,822083584, 205504576, 205504576, 802816, 4.00032, 822083584, 4194304, 4194304, 4194304, 196, 822083584, 822083584, 200704, 12845056, 1, 1, 1, 1, 1, 1, 1, 2, 2, 2, 256, 4
DoVit_Maestro_Exit3,BB_L14_Attn_Q_Proj,256,4816896,1.59507e+06,42.6667,26749,4.19047e+08,3375.53,160,32.6429,160,1,160,648,6,1,1,200704,1048576,1.28847e+11,205520896,312.909,5.2992,2.2356,3055.08,205520896, 51363904, 51363904, 200704, 4.00127, 205520896, 1048576, 1048576, 1048576, 196, 205520896, 205520896, 200704, 3211264, 1, 1, 1, 1, 1, 1, 1, 2, 2, 2, 256, 4
DoVit_Maestro_Exit3,BB_L14_Attn_K_Proj,256,4816896,581339,42.6667,73393.8,4.19047e+08,3375.53,160,32.6429,160,1,160,648,6,1,1,200704,1048576,3.5353e+11,205520896,312.909,5.2992,2.2356,3055.08,205520896, 51363904, 51363904, 200704, 4.00127, 205520896, 1048576, 1048576, 1048576, 196, 205520896, 205520896, 200704, 3211264, 1, 1, 1, 1, 1, 1, 1, 2, 2, 2, 256, 4
DoVit_Maestro_Exit3,BB_L14_Attn_V_Proj,256,4816896,581339,42.6667,73393.8,4.19047e+08,3375.53,160,32.6429,160,1,160,648,6,1,1,200704,1048576,3.5353e+11,205520896,312.909,5.2992,2.2356,3055.08,205520896, 51363904, 51363904, 200704, 4.00127, 205520896, 1048576, 1048576, 1048576, 196, 205520896, 205520896, 200704, 3211264, 1, 1, 1, 1, 1, 1, 1, 2, 2, 2, 256, 4
DoVit_Maestro_Exit3,BB_L14_Attn_Out_Proj,256,4816896,581339,42.6667,73393.8,4.19047e+08,3375.53,160,32.6429,160,1,160,648,6,1,1,200704,1048576,3.5353e+11,205520896,312.909,5.2992,2.2356,3055.08,205520896, 51363904, 51363904, 200704, 4.00127, 205520896, 1048576, 1048576, 1048576, 196, 205520896, 205520896, 200704, 3211264, 1, 1, 1, 1, 1, 1, 1, 2, 2, 2, 256, 4
DoVit_Maestro_Exit3,BB_L14_FFN1,256,19267584,1.30906e+06,42.6667,32593.3,4.19047e+08,3375.53,160,32.6429,160,1,160,648,6,1,1,200704,4194304,6.27995e+11,822083584,312.909,5.2992,2.2356,3055.08,822083584, 205455424, 205455424, 200704, 4.00127, 822083584, 4194304, 4194304, 4194304, 196, 822083584, 822083584, 802816, 12845056, 1, 1, 1, 1, 1, 1, 1, 2, 2, 2, 256, 4
DoVit_Maestro_Exit3,BB_L14_FFN2,256,19267584,2.32557e+06,42.6667,18346.8,4.19047e+08,3375.53,160,32.6505,160,1,160,648,6,1,1,802816,4194304,3.53498e+11,822083584,312.909,5.2992,2.2356,3055.08,822083584, 205504576, 205504576, 802816, 4.00032, 822083584, 4194304, 4194304, 4194304, 196, 822083584, 822083584, 200704, 12845056, 1, 1, 1, 1, 1, 1, 1, 2, 2, 2, 256, 4
DoVit_Maestro_Exit3,BB_L15_Attn_Q_Proj,256,4816896,1.59507e+06,42.6667,26749,4.19047e+08,3375.53,160,32.6429,160,1,160,648,6,1,1,200704,1048576,1.28847e+11,205520896,312.909,5.2992,2.2356,3055.08,205520896, 51363904, 51363904, 200704, 4.00127, 205520896, 1048576, 1048576, 1048576, 196, 205520896, 205520896, 200704, 3211264, 1, 1, 1, 1, 1, 1, 1, 2, 2, 2, 256, 4
DoVit_Maestro_Exit3,BB_L15_Attn_K_Proj,256,4816896,581339,42.6667,73393.8,4.19047e+08,3375.53,160,32.6429,160,1,160,648,6,1,1,200704,1048576,3.5353e+11,205520896,312.909,5.2992,2.2356,3055.08,205520896, 51363904, 51363904, 200704, 4.00127, 205520896, 1048576, 1048576, 1048576, 196, 205520896, 205520896, 200704, 3211264, 1, 1, 1, 1, 1, 1, 1, 2, 2, 2, 256, 4
DoVit_Maestro_Exit3,BB_L15_Attn_V_Proj,256,4816896,581339,42.6667,73393.8,4.19047e+08,3375.53,160,32.6429,160,1,160,648,6,1,1,200704,1048576,3.5353e+11,205520896,312.909,5.2992,2.2356,3055.08,205520896, 51363904, 51363904, 200704, 4.00127, 205520896, 1048576, 1048576, 1048576, 196, 205520896, 205520896, 200704, 3211264, 1, 1, 1, 1, 1, 1, 1, 2, 2, 2, 256, 4
DoVit_Maestro_Exit3,BB_L15_Attn_Out_Proj,256,4816896,581339,42.6667,73393.8,4.19047e+08,3375.53,160,32.6429,160,1,160,648,6,1,1,200704,1048576,3.5353e+11,205520896,312.909,5.2992,2.2356,3055.08,205520896, 51363904, 51363904, 200704, 4.00127, 205520896, 1048576, 1048576, 1048576, 196, 205520896, 205520896, 200704, 3211264, 1, 1, 1, 1, 1, 1, 1, 2, 2, 2, 256, 4
DoVit_Maestro_Exit3,BB_L15_FFN1,256,19267584,1.30906e+06,42.6667,32593.3,4.19047e+08,3375.53,160,32.6429,160,1,160,648,6,1,1,200704,4194304,6.27995e+11,822083584,312.909,5.2992,2.2356,3055.08,822083584, 205455424, 205455424, 200704, 4.00127, 822083584, 4194304, 4194304, 4194304, 196, 822083584, 822083584, 802816, 12845056, 1, 1, 1, 1, 1, 1, 1, 2, 2, 2, 256, 4
DoVit_Maestro_Exit3,BB_L15_FFN2,256,19267584,2.32557e+06,42.6667,18346.8,4.19047e+08,3375.53,160,32.6505,160,1,160,648,6,1,1,802816,4194304,3.53498e+11,822083584,312.909,5.2992,2.2356,3055.08,822083584, 205504576, 205504576, 802816, 4.00032, 822083584, 4194304, 4194304, 4194304, 196, 822083584, 822083584, 200704, 12845056, 1, 1, 1, 1, 1, 1, 1, 2, 2, 2, 256, 4
DoVit_Maestro_Exit3,BB_L16_Attn_Q_Proj,256,4816896,1.59507e+06,42.6667,26749,4.19047e+08,3375.53,160,32.6429,160,1,160,648,6,1,1,200704,1048576,1.28847e+11,205520896,312.909,5.2992,2.2356,3055.08,205520896, 51363904, 51363904, 200704, 4.00127, 205520896, 1048576, 1048576, 1048576, 196, 205520896, 205520896, 200704, 3211264, 1, 1, 1, 1, 1, 1, 1, 2, 2, 2, 256, 4
DoVit_Maestro_Exit3,BB_L16_Attn_K_Proj,256,4816896,581339,42.6667,73393.8,4.19047e+08,3375.53,160,32.6429,160,1,160,648,6,1,1,200704,1048576,3.5353e+11,205520896,312.909,5.2992,2.2356,3055.08,205520896, 51363904, 51363904, 200704, 4.00127, 205520896, 1048576, 1048576, 1048576, 196, 205520896, 205520896, 200704, 3211264, 1, 1, 1, 1, 1, 1, 1, 2, 2, 2, 256, 4
DoVit_Maestro_Exit3,BB_L16_Attn_V_Proj,256,4816896,581339,42.6667,73393.8,4.19047e+08,3375.53,160,32.6429,160,1,160,648,6,1,1,200704,1048576,3.5353e+11,205520896,312.909,5.2992,2.2356,3055.08,205520896, 51363904, 51363904, 200704, 4.00127, 205520896, 1048576, 1048576, 1048576, 196, 205520896, 205520896, 200704, 3211264, 1, 1, 1, 1, 1, 1, 1, 2, 2, 2, 256, 4
DoVit_Maestro_Exit3,BB_L16_Attn_Out_Proj,256,4816896,581339,42.6667,73393.8,4.19047e+08,3375.53,160,32.6429,160,1,160,648,6,1,1,200704,1048576,3.5353e+11,205520896,312.909,5.2992,2.2356,3055.08,205520896, 51363904, 51363904, 200704, 4.00127, 205520896, 1048576, 1048576, 1048576, 196, 205520896, 205520896, 200704, 3211264, 1, 1, 1, 1, 1, 1, 1, 2, 2, 2, 256, 4
DoVit_Maestro_Exit3,BB_L16_FFN1,256,19267584,1.30906e+06,42.6667,32593.3,4.19047e+08,3375.53,160,32.6429,160,1,160,648,6,1,1,200704,4194304,6.27995e+11,822083584,312.909,5.2992,2.2356,3055.08,822083584, 205455424, 205455424, 200704, 4.00127, 822083584, 4194304, 4194304, 4194304, 196, 822083584, 822083584, 802816, 12845056, 1, 1, 1, 1, 1, 1, 1, 2, 2, 2, 256, 4
DoVit_Maestro_Exit3,BB_L16_FFN2,256,19267584,2.32557e+06,42.6667,18346.8,4.19047e+08,3375.53,160,32.6505,160,1,160,648,6,1,1,802816,4194304,3.53498e+11,822083584,312.909,5.2992,2.2356,3055.08,822083584, 205504576, 205504576, 802816, 4.00032, 822083584, 4194304, 4194304, 4194304, 196, 822083584, 822083584, 200704, 12845056, 1, 1, 1, 1, 1, 1, 1, 2, 2, 2, 256, 4
DoVit_Maestro_Exit3,BB_L17_Attn_Q_Proj,256,4816896,1.59507e+06,42.6667,26749,4.19047e+08,3375.53,160,32.6429,160,1,160,648,6,1,1,200704,1048576,1.28847e+11,205520896,312.909,5.2992,2.2356,3055.08,205520896, 51363904, 51363904, 200704, 4.00127, 205520896, 1048576, 1048576, 1048576, 196, 205520896, 205520896, 200704, 3211264, 1, 1, 1, 1, 1, 1, 1, 2, 2, 2, 256, 4
DoVit_Maestro_Exit3,BB_L17_Attn_K_Proj,256,4816896,581339,42.6667,73393.8,4.19047e+08,3375.53,160,32.6429,160,1,160,648,6,1,1,200704,1048576,3.5353e+11,205520896,312.909,5.2992,2.2356,3055.08,205520896, 51363904, 51363904, 200704, 4.00127, 205520896, 1048576, 1048576, 1048576, 196, 205520896, 205520896, 200704, 3211264, 1, 1, 1, 1, 1, 1, 1, 2, 2, 2, 256, 4
DoVit_Maestro_Exit3,BB_L17_Attn_V_Proj,256,4816896,581339,42.6667,73393.8,4.19047e+08,3375.53,160,32.6429,160,1,160,648,6,1,1,200704,1048576,3.5353e+11,205520896,312.909,5.2992,2.2356,3055.08,205520896, 51363904, 51363904, 200704, 4.00127, 205520896, 1048576, 1048576, 1048576, 196, 205520896, 205520896, 200704, 3211264, 1, 1, 1, 1, 1, 1, 1, 2, 2, 2, 256, 4
DoVit_Maestro_Exit3,BB_L17_Attn_Out_Proj,256,4816896,581339,42.6667,73393.8,4.19047e+08,3375.53,160,32.6429,160,1,160,648,6,1,1,200704,1048576,3.5353e+11,205520896,312.909,5.2992,2.2356,3055.08,205520896, 51363904, 51363904, 200704, 4.00127, 205520896, 1048576, 1048576, 1048576, 196, 205520896, 205520896, 200704, 3211264, 1, 1, 1, 1, 1, 1, 1, 2, 2, 2, 256, 4
DoVit_Maestro_Exit3,BB_L17_FFN1,256,19267584,1.30906e+06,42.6667,32593.3,4.19047e+08,3375.53,160,32.6429,160,1,160,648,6,1,1,200704,4194304,6.27995e+11,822083584,312.909,5.2992,2.2356,3055.08,822083584, 205455424, 205455424, 200704, 4.00127, 822083584, 4194304, 4194304, 4194304, 196, 822083584, 822083584, 802816, 12845056, 1, 1, 1, 1, 1, 1, 1, 2, 2, 2, 256, 4
DoVit_Maestro_Exit3,BB_L17_FFN2,256,19267584,2.32557e+06,42.6667,18346.8,4.19047e+08,3375.53,160,32.6505,160,1,160,648,6,1,1,802816,4194304,3.53498e+11,822083584,312.909,5.2992,2.2356,3055.08,822083584, 205504576, 205504576, 802816, 4.00032, 822083584, 4194304, 4194304, 4194304, 196, 822083584, 822083584, 200704, 12845056, 1, 1, 1, 1, 1, 1, 1, 2, 2, 2, 256, 4
DoVit_Maestro_Exit3,AuxHead3_ConvSeg,256,150528,1.36004e+06,40,29411,4.19047e+08,3375.53,160,32.6033,160,1,160,648,6,1,1,200704,30720,4.42718e+09,6021120,312.909,5.2992,2.2356,3055.08,6021120, 1605184, 1605184, 200704, 3.75105, 6021120, 30720, 30720, 30720, 196, 6021120, 6021120, 5880, 94080, 1, 1, 1, 1, 1, 1, 1, 2, 2, 2, 240, 4
